common_name,botanical_name,cas_number,einecs_number,fema_number,category,molecular_formula,molecular_weight,boiling_point,melting_point,density,odor_description,flavor_description,description,uses,safety_notes,solubility,synonyms,natural_occurrence,url
"acanthopanax senticosus stem extract,",,92346-80-0,,,extracts,,,,,,""">Search",""">Search","- cosmetic ingredient for skin conditioning"" />","- cosmetic ingredient for skin conditioning"" />",references,,""">extract of the stems of the eleuthero; siberian ginseng; acanthopanax senticosus; araliaceae","=hp&amp; q=%2292346-80-0%22+OR+%22acanthopanax+senticosus%22+%22stem+extract%22"">Search",https://www.thegoodscentscompany.com/data/ex1691531.html
"acanthopanax sessiliflora bark/root/stem extract,",,95370-68-6,,,extracts,,,,,,""">Search",""">Search","- cosmetic ingredient for skin conditioning"" />","- cosmetic ingredient for skin conditioning"" />",references,,""">extract of the bark; roots; and stems of acanthopanax sessiliflora; araliaceae","=hp&amp; q=%2295370-68-6%22+OR+%22acanthopanax+sessiliflora%22+%22stem+extract%22"">Search",https://www.thegoodscentscompany.com/data/ex1691521.html
"acanthopanax sessiliflora root extract,",,95370-68-6,,,extracts,,,,,,""">Search",""">Search","- cosmetic ingredient for skin conditioning"" />","- cosmetic ingredient for skin conditioning"" />",references,,""">extract of the roots of acanthopanax sessiliflora; araliaceae","=hp&amp; q=%2295370-68-6%22+OR+%22acanthopanax+sessiliflora%22+%22root+extract%22"">Search",https://www.thegoodscentscompany.com/data/ex1385011.html
"acanthopanax sessiliflora stem extract,",,95370-68-6,,,extracts,,,,,,""">Search",""">Search","- cosmetic ingredient for skin conditioning"" />","- cosmetic ingredient for skin conditioning"" />",references,,""">extract of the stems of acanthopanax sessiliflora; araliaceae","=hp&amp; q=%2295370-68-6%22+OR+%22acanthopanax+sessiliflora%22+%22stem+extract%22"">Search",https://www.thegoodscentscompany.com/data/ex1691541.html
"acanthopanax sessiliflorus callus extract,",,95370-68-6,,,extracts,,,,,,""">Search",""">Search","- cosmetic agents"" />","- cosmetic agents"" />",references,,,"=hp&amp; q=%2295370-68-6%22+OR+%22acanthopanax+sessiliflorus%22+%22callus+extract%22"">Search",https://www.thegoodscentscompany.com/data/ex1911351.html
"acanthus mollis leaf extract,",,90320-09-5,,,extracts,,,,,,""">Search",""">Search","- cosmetic ingredient for skin conditioning"" />","- cosmetic ingredient for skin conditioning"" />",references,,""">extract of the leaves of acanthus mollis l.; acanthaceae","=hp&amp; q=%2290320-09-5%22+OR+%22acanthus+mollis%22+%22leaf+extract%22"">Search",https://www.thegoodscentscompany.com/data/ex1385021.html
"acer campestre bud extract,",,90063-87-9,,,extracts,,,,,,""">Search",""">Search","- emollients"" />","- emollients"" />",references,,""">extract of the buds of the maple; acer campestre l.; sapindaceae","=hp&amp; q=%2290063-87-9%22+OR+%22acer+campestre%22+%22bud+extract%22"">Search",https://www.thegoodscentscompany.com/data/ex1385041.html
"acer negundo extract,",,90063-89-1,,,extracts,,,,,,""">Search",,"- information only not used for fragrances or flavors"" />","- information only not used for fragrances or flavors"" />",references,,""">ash-leaf maple extract","=hp&amp; q=%2290063-89-1%22+OR+%22acer+negundo%22+%22extract%22"">Search",https://www.thegoodscentscompany.com/data/ex1385061.html
acer nikoense bark extract,,,,,extracts,,,,,,""">Search",""">Search","- cosmetic ingredient for skin conditioning"" />","- cosmetic ingredient for skin conditioning"" />",references,,""">extract of the bark of acer nikoense; sapindaceae","=hp&amp; q=%22acer+nikoense%22+%22bark+extract%22"">Search",https://www.thegoodscentscompany.com/data/ex1703171.html
acer nikoense branch/stem extract,Acer nikoense,,,,extracts,,,,,,""">Search",""">Search","- cosmetic ingredient for skin conditioning"" />","- cosmetic ingredient for skin conditioning"" />",references,,""">extract of the branches and stems of acer nikoense; aceraceae","=hp&amp; q=%22acer+nikoense%22+%22branch/stem+extract%22"">Search",https://www.thegoodscentscompany.com/data/ex1078521.html
acer palmatum leaf extract,,,,,extracts,,,,,,""">Search",""">Search","- antioxidants"" />","- antioxidants"" />",references,,""">extract of the leaves of acer palmatum; aceraceae","=hp&amp; q=%22acer+palmatum%22+%22leaf+extract%22"">Search",https://www.thegoodscentscompany.com/data/ex1703181.html
"acer pseudoplatanus leaf extract,",,90063-88-0,,,extracts,,,,,,""">Search",""">Search","- cosmetic ingredient for skin conditioning"" />","- cosmetic ingredient for skin conditioning"" />",references,,""">extract of the leaves of acer pseudoplatanus l.; aceraceae","=hp&amp; q=%2290063-88-0%22+OR+%22acer+pseudoplatanus%22+%22leaf+extract%22"">Search",https://www.thegoodscentscompany.com/data/ex1385051.html
"acer saccharum (sugar maple) sap extract,",,91770-22-8,,,extracts,,,,,,""">Search","agents"" />","- cosmetic and flavor agents"" />","- cosmetic and flavor agents"" />",references,,""">extract of the sap of the sugar maple; acer saccharinum; aceraceae","=hp&amp; q=%2291770-22-8%22+OR+%22acer+saccharum%22+%22sap+extract%22"">Search",https://www.thegoodscentscompany.com/data/ex1671671.html
"acer saccharum bark/sap extract,",,91770-22-8,,,extracts,,,,,,""">Search",""">Search","- keratolytic agents"" />","- keratolytic agents"" />",references,,""">extract of the bark and sap of the sugar maple; acer saccharinum; aceraceae","=hp&amp; q=%2291770-22-8%22+OR+%22acer+saccharum%22+%22bark+extract%22"">Search",https://www.thegoodscentscompany.com/data/ex1385031.html
"acer spicatum bark extract,",,91770-23-9,,3,extracts,,,,,,"and an roasted type flavor."" />","ing agents. Has a burnt type odor and an roasted type flavor."" />","- flavoring agents. Has a burnt type odor and an roasted type flavor."" />","- flavoring agents. Has a burnt type odor and an roasted type flavor."" />",references,,""">mountain maple bark extract",nature. We are committed to treat our customers in the way we wish to be treated. We believe that natural products play a positive; sustainable role in a future that is good for farmers; communities; and our customers. Our goal is to produce the best-tasting; most consistent natural extracts and fla,https://www.thegoodscentscompany.com/data/ex1004681.html
"chloranthus spicatus absolute,",,98653-84-0,,,absolutes,,,,,,"scompany.com/data/ab1068531.html"" />",""">Search","- fragrance agents. Has an woody type odor."" />","- fragrance agents. Has an woody type odor."" />",references,,""">jin su lan absolute","=hp&amp; q=%2298653-84-0%22+OR+%22chloranthus+spicatus%22+%22absolute%22"">Search",https://www.thegoodscentscompany.com/data/ab1068531.html
"chrysanthemum indicum absolute,",,1174331-46-4,,,absolutes,tion,,,1-,,"scompany.com/data/ab1671271.html"" />",""">Search","- fragrance agents. Has an herbal type odor."" />","- fragrance agents. Has an herbal type odor."" />",references,,""">chrysanthemum absolute","=hp&amp; q=%221174331-46-4%22+OR+%22chrysanthemum+indicum%22+%22absolute%22"">Search",https://www.thegoodscentscompany.com/data/ab1671271.html
"cilantro leaf absolute,",,8008-52-4,,,absolutes,,,,,,"and an herbal type flavor."" />","and fragrance agents. Has a herbal type odor and an herbal type flavor."" />","- flavor and fragrance agents. Has a herbal type odor and an herbal type flavor."" />","- flavor and fragrance agents. Has a herbal type odor and an herbal type flavor."" />",references,,""">coriandrum sativum leaf absolute","=hp&amp; q=%228008-52-4%22+OR+%22coriandrum+sativum%22+%22absolute%22"">Search",https://www.thegoodscentscompany.com/data/ab1092831.html
"cinnamomum cassia bark absolute,",,84961-46-6,,,absolutes,,,,,,"and an spicy type flavor."" />","and fragrance agents. Has a spicy type odor and an spicy type flavor."" />","- flavor and fragrance agents. Has a spicy type odor and an spicy type flavor."" />","- flavor and fragrance agents. Has a spicy type odor and an spicy type flavor."" />",references,,""">cassia bark absolute","=hp&amp; q=%2284961-46-6%22+OR+%22cinnamomum+cassia%22+%22+bark+absolute%22"">Search",https://www.thegoodscentscompany.com/data/ab1540411.html
"cinnamon bark absolute,",,8015-91-6,,,absolutes,,,,,,"and an spicy type flavor."" />","and fragrance agents. Has a spicy type odor and an spicy type flavor."" />","- flavor and fragrance agents. Has a spicy type odor and an spicy type flavor."" />","- flavor and fragrance agents. Has a spicy type odor and an spicy type flavor."" />",references,,""">volatile absolute expressed from the bark of the cinnamon; cinnamomum zeylanicum; lauraceae","=hp&amp; q=%228015-91-6%22+OR+%22cinnamomum+zeylanicum%22+%22bark+absolute%22"">Search",https://www.thegoodscentscompany.com/data/ab1084021.html
"cistus twig/leaf absolute,",Absolute Aromatherapy,8016-26-0,,,absolutes,,,,f,,ing in a 10.00 % solution or less,and fragrance industries. This base was expanded upon more than two decades ago to include fragrance production.  The company&#39;s unparalleled raw material expertise is focused on the supply of essential oils and aromatic chemicals. This is supported by our long-standing relationships with a world,"- fragrance agents. Has an woody type odor."" />","- fragrance agents. Has an woody type odor."" />",references,,""">cistus ladaniferus twig/leaf absolute",from around the world.,https://www.thegoodscentscompany.com/data/ab1041311.html
"civet absolute,",,68916-26-7,,3,absolutes,,,,,,"and an animal type flavor."" />","and fragrance agents. Has a animal type odor and an animal type flavor."" />","- flavor and fragrance agents. Has a animal type odor and an animal type flavor."" />","- flavor and fragrance agents. Has a animal type odor and an animal type flavor."" />",references,,""">viverra civetta schreber and viverra zibeth a schreber absolute",d from around the world; our F&amp; F ingredient inventory in Singapore is ready to ship to any location in Asia and beyond.,https://www.thegoodscentscompany.com/data/ab1019061.html
civet absolute replacer,,2-99-8,,,absolutes,tion,,,-,,"ing strips, scales, distillation, equipment and inspiration!",s for the World&#39;s most desirable brands.,"- fragrance agents. Has an animal type odor."" />","- fragrance agents. Has an animal type odor."" />",references,,""">civet artificial",for the creative perfumer.,https://www.thegoodscentscompany.com/data/ab1059381.html
"clary sage absolute,",Absolute Aromatherapy,8016-63-5,,3,absolutes,,,,,,"and an herbal type flavor."" />","and fragrance agents. Has a herbal type odor and an herbal type flavor."" />","- flavor and fragrance agents. Has a herbal type odor and an herbal type flavor."" />","- flavor and fragrance agents. Has a herbal type odor and an herbal type flavor."" />",references,,""">salvia sclarea absolute",from around the world.,https://www.thegoodscentscompany.com/data/ab1041391.html
"clove bud absolute,",,8000-34-8,,,absolutes,ted,,,,,"and an spicy type flavor."" />","and fragrance agents. Has a spicy type odor and an spicy type flavor."" />","- flavor and fragrance agents. Has a spicy type odor and an spicy type flavor."" />","- flavor and fragrance agents. Has a spicy type odor and an spicy type flavor."" />",references,,""">syzygium aromaticum bud absolute",for aroma chemicals and essential oils,https://www.thegoodscentscompany.com/data/ab1007961.html
"clove leaf absolute,",,8000-34-8,,,absolutes,,,,,,"scompany.com/data/ab1604781.html"" />",""">Search","- fragrance agents. Has an spicy type odor."" />","- fragrance agents. Has an spicy type odor."" />",references,,""">syzygium aromaticum leaf absolute","=hp&amp; q=%228000-34-8%22+OR+%22syzygium+aromaticum%22"">Search",https://www.thegoodscentscompany.com/data/ab1604781.html
"cocoa absolute,",,8002-31-1,,,absolutes,tion,,,,,"and an cocoa type flavor."" />","and fragrance agents. Has a cocoa type odor and an cocoa type flavor."" />","- cosmetic, flavor and fragrance agents. Has a cocoa type odor and an cocoa type flavor."" />","- cosmetic; flavor and fragrance agents. Has a cocoa type odor and an cocoa type flavor."" />",references,in ess oils,""">theobroma cacao seed butter",for the creative perfumer.,https://www.thegoodscentscompany.com/data/ab1092811.html
"coconut absolute,",,8001-31-8,,,absolutes,tions,,,,,"and an fatty type flavor."" />","and fragrance agents. Has a fatty type odor and an fatty type flavor."" />","- flavor and fragrance agents. Has a fatty type odor and an fatty type flavor."" />","- flavor and fragrance agents. Has a fatty type odor and an fatty type flavor."" />",references,,""">cocos nucifera absolute","=hp&amp; q=%228001-31-8%22+OR+%22cocos+nucifera%22+%22absolute%22"">Search",https://www.thegoodscentscompany.com/data/ab1068571.html
"coffee absolute,",,8001-67-0,,,absolutes,,,,,,"and an coffee type flavor."" />","and fragrance agents. Has a coffee type odor and an coffee type flavor."" />","- flavor and fragrance agents. Has a coffee type odor and an coffee type flavor."" />","- flavor and fragrance agents. Has a coffee type odor and an coffee type flavor."" />",references,,""">coffea spp. absolute","=hp&amp; q=%228001-67-0%22+OR+%22coffea+arabica%22+%22absolute%22"">Search",https://www.thegoodscentscompany.com/data/ab1604601.html
"coffee flower absolute,",,8001-67-0,,,absolutes,,,,,,"scompany.com/data/ab1670341.html"" />",""">Search","- fragrance agents. Has an floral type odor."" />","- fragrance agents. Has an floral type odor."" />",references,,""">coffea spp. flower absolute","=hp&amp; q=%228001-67-0%22+OR+%22coffee+flower+absolute%22"">Search",https://www.thegoodscentscompany.com/data/ab1670341.html
"acetaldehyde amyl methyl acetal,",,73142-32-2,,,aromatic_ingredients,,,,,,""">Search","and fragrance agents"" />","- flavor and fragrance agents"" />","- flavor and fragrance agents"" />",references,,""">acetaldehyde methyl pentyl acetal","=hp&amp; q=%2273142-32-2%22+OR+%22acetaldehyde+amyl+methyl+acetal%22+OR+%221-%281-methoxyethoxy%29pentane%22+OR+%22acetaldehyde+methyl+pentyl+acetal%22"">Search",https://www.thegoodscentscompany.com/data/rw1587021.html
"acetaldehyde benzyl ethyl acetal,",,66222-24-0,,,aromatic_ingredients,,,,,,""">Search","ing agents"" />","- flavoring agents"" />","- flavoring agents"" />",references,,""">[(1-ethoxyethoxy)methyl]benzene","=hp&amp; q=%2266222-24-0%22+OR+%22acetaldehyde+benzyl+ethyl+acetal%22+OR+%221-ethoxyethoxymethylbenzene%22+OR+%22%28%281-ethoxyethoxy%29methyl%29+benzene%22"">Search",https://www.thegoodscentscompany.com/data/rw1587011.html
"acetaldehyde benzyl 2-methoxyethyl acetal,",,7492-39-9,,3,aromatic_ingredients,,,,,,"scompany.com/data/rw1011811.html"" />","and fragrance agents. Has an green type odor."" />","- flavor and fragrance agents. Has an green type odor."" />","- flavor and fragrance agents. Has an green type odor."" />",references,,""">benzyl 2-methoxyethyl acetal","=hp&amp; q=%227492-39-9%22+OR+%22acetaldehyde+benzyl+methoxyethyl+acetal%22+OR+%22benzyl+methoxyethyl+acetal%22+OR+%221-benzoxy-1%2C2-methoxyethoxyethane%22+OR+%22benzyl+2-methoxyethyl+acetal%22"">Search",https://www.thegoodscentscompany.com/data/rw1011811.html
"acetaldehyde bis(2,3-epoxypropyl) acetal,",,3775-84-6,,,aromatic_ingredients,,,,,,""">Search",,"- information only not used for fragrances or flavors"" />","- information only not used for fragrances or flavors"" />",references,,""">Soluble in:","=hp&amp; q=%223775-84-6%22+OR+%22acetaldehyde+bis%282%2C3-epoxypropyl%29+acetal%22"">Search",https://www.thegoodscentscompany.com/data/rw1408181.html
"acetaldehyde 2,3-butane diol acetal,",,3299-32-9,,,aromatic_ingredients,,,,,,""">Search","ing agents"" />","- flavoring agents"" />","- flavoring agents"" />",references,,""">1; 3-dioxolane; 5-trimethyl-",carob (Ceratonia siliqua),https://www.thegoodscentscompany.com/data/rw1484701.html
"acetaldehyde butyl ethyl acetal,",Fats and,57006-87-8,,,aromatic_ingredients,,,,,,"scompany.com/data/rw1582161.html"" />","ing agents. Has an winey type odor."" />","- flavoring agents. Has an winey type odor."" />","- flavoring agents. Has an winey type odor."" />",references,,""">1-butoxy-1-ethoxyethane","s.org/"">Chemical sources Association Inc",https://www.thegoodscentscompany.com/data/rw1582161.html
"acetaldehyde butyl isoamyl acetal,",Fats and,238757-27-2,,,aromatic_ingredients,,,,,,""">Search","ing agents"" />","- flavoring agents"" />","- flavoring agents"" />",references,,""">1-butoxy-1-isopentyloxyethane","s.org/"">Chemical sources Association Inc",https://www.thegoodscentscompany.com/data/rw1594991.html
"acetaldehyde butyl methyl acetal,",,75677-94-0,,,aromatic_ingredients,,,,,,""">Search",,"- information only not used for fragrances or flavors"" />","- information only not used for fragrances or flavors"" />",references,,""">1-butoxy-1-methoxyethane","=hp&amp; q=%2275677-94-0%22+OR+%22acetaldehyde+butyl+methyl+acetal%22+OR+%221-%281-methoxyethoxy%29butane%22"">Search",https://www.thegoodscentscompany.com/data/rw1587001.html
"acetaldehyde butyl 2-methyl butyl acetal,",Fats and,77249-20-8,,,aromatic_ingredients,,,,,,""">Search","ing agents"" />","- flavoring agents"" />","- flavoring agents"" />",references,,""">1-butoxy-1-(2-methylbutoxy)ethane","s.org/"">Chemical sources Association Inc",https://www.thegoodscentscompany.com/data/rw1582151.html
"acetaldehyde butyl phenethyl acetal,",,64577-91-9,,,aromatic_ingredients,,,,,,"and an green type flavor."" />","and fragrance agents. Has a green type odor and an green type flavor."" />","- flavor and fragrance agents. Has a green type odor and an green type flavor."" />","- flavor and fragrance agents. Has a green type odor and an green type flavor."" />",references,,""">1-butoxy-1-(2-phenylethoxy)ethane","s.org/"">Chemical sources Association Inc",https://www.thegoodscentscompany.com/data/rw1001221.html
"acetaldehyde citronellyl methyl acetal,",,68039-24-7,,,aromatic_ingredients,,,,,,ing in a 10.00 % solution or less,industry in Asia.,"- cosmetic and fragrance agents. Has an citrus type odor."" />","- cosmetic and fragrance agents. Has an citrus type odor."" />",references,,""">2-octene; 8-(1-methoxyethoxy)-2; 6-dimethyl-",d from around the world; our F&amp; F ingredient inventory in Singapore is ready to ship to any location in Asia and beyond.,https://www.thegoodscentscompany.com/data/rw1000911.html
"acetaldehyde di(mentha citrata) acetal,",,68917-16-8,,,aromatic_ingredients,,,,,,""">Search",""">Search","- fragrance agents"" />","- fragrance agents"" />",references,,""">mentha citrata oil acetals","=hp&amp; q=%2268917-16-8%22+OR+%22acetaldehyde+di%28mentha+citrata%29+acetal%22+OR+%22mentha+citrata+oil+acetals%22"">Search",https://www.thegoodscentscompany.com/data/rw1399061.html
"acetaldehyde diamyl acetal,",Fats and,13002-08-9,,,aromatic_ingredients,,,,,,""">Search","and fragrance agents"" />","- flavor and fragrance agents"" />","- flavor and fragrance agents"" />",references,,""">1; 1-dipentyloxyethane","=hp&amp; q=%2213002-08-9%22+OR+%22acetaldehyde+diamyl+acetal%22+OR+%221%2C1-dipentyloxyethane%22+OR+%221-%281-pentoxyethoxy%29pentane%22"">Search",https://www.thegoodscentscompany.com/data/rw1582261.html
"acetaldehyde dibenzyl acetal,",,23556-90-3,,,aromatic_ingredients,,,,,,""">Search",,"- information only not used for fragrances or flavors"" />","- information only not used for fragrances or flavors"" />",references,,""">1-benzyloxyethoxymethylbenzene","=hp&amp; q=%2223556-90-3%22+OR+%22acetaldehyde+dibenzyl+acetal%22+OR+%221-benzyloxyethoxymethylbenzene%22"">Search",https://www.thegoodscentscompany.com/data/rw1408191.html
"acetaldehyde dibutyl acetal,",,871-22-7,,,aromatic_ingredients,,,,,,"scompany.com/data/rw1038491.html"" />","and fragrance agents. Has an floral type odor."" />","- flavor and fragrance agents. Has an floral type odor."" />","- flavor and fragrance agents. Has an floral type odor."" />",references,,""">1; 1-dibutoxyethane","=hp&amp; q=%22871-22-7%22+OR+%22acetaldehyde+dibutyl+acetal%22+OR+%221-%281-butoxyethoxy%29butane%22+OR+%221%2C1-dibutoxyethane%22"">Search",https://www.thegoodscentscompany.com/data/rw1038491.html
"ar-abietatriene,",Salvia with biological,19407-28-4,,,all_ingredients,,,,,,"scompany.com/data/rw1568171.html"" />",""">Search","- natural substances and extractives. Has an woody type odor."" />","- natural substances and extractives. Has an woody type odor."" />",references,,""">7-isopropyl-1; 4a-trimethyl-1; 10a-octahydrophenanthrene","=hp&amp; q=%2219407-28-4%22+OR+%22ar-abietatriene%22+OR+%22abietatriene%22"">Search",https://www.thegoodscentscompany.com/data/rw1568171.html
"abietic acid,",,514-10-3,,,all_ingredients,,,,-,,""">Search",&amp; fragrance ingredients.,"- substances for use only as components of adhesives for food packaging, transporting, or holding food"" />","- substances for use only as components of adhesives for food packaging; transporting; or holding food"" />",references,,""">(1R; 4aR; 4bR; 10aR)-7-isopropyl-1; 4a-dimethyl-1; 10a-decahydro-1-phenanthrencarbonsÃ¤ure","s"" src=""/images/foreverest.jpg"" />",https://www.thegoodscentscompany.com/data/rw1097371.html
"abietic anhydride,",,8050-09-7,,,all_ingredients,ted,,",",-010512,,""">Search",&amp; fragrance ingredients.,"- diluents in color additive mixtures"" />","- diluents in color additive mixtures"" />",references,"and tackifying properties make this product particularly useful in low cost gravure inks, hot melt adhesives, mastic adhesives, fiberboard, and similar applications where color is not important.",""">colophony","s"" src=""/images/foreverest.jpg"" />",https://www.thegoodscentscompany.com/data/rw1280721.html
"abietyl acetate,",,54200-50-9,,,all_ingredients,,,,,,""">Search",""">Search","- fragrance agents"" />","- fragrance agents"" />",references,,""">(1R-(1alpha; 4abeta; 4balpha; 10aalpha))-1; 10a-decahydro-7-isopropyl-1; 4a-dimethyl phenanthren-1-methanol acetate","=hp&amp; q=%2254200-50-9%22+OR+%22abietyl+acetate%22+OR+%22abietol+acetate%22"">Search",https://www.thegoodscentscompany.com/data/rw1469051.html
"abietyl alcohol,",,666-84-2,,,all_ingredients,,,,,,""">Search",""">Search","- viscosity controlling agents"" />","- viscosity controlling agents"" />",references,from Pinus sylvestris (Scotch pine),""">(1R-(1alpha; 4abeta; 4balpha; 10aalpha))-1; 10a-decahydro-7-isopropyl-1; 4a-dimethylphenanthren-1-methanol","=hp&amp; q=%22666-84-2%22+OR+%22abietyl+alcohol%22+OR+%22abietol+alcohol%22+OR+%22abietinol%22"">Search",https://www.thegoodscentscompany.com/data/rw1068111.html
"laevo-abrine,",,526-31-8,,,all_ingredients,,,,,,""">Search",""">Search","- natural substances and extractives"" />","- natural substances and extractives"" />",references,,""">methyl-L-tryptophan","=hp&amp; q=%22526-31-8%22+OR+%22laevo-abrine%22"">Search",https://www.thegoodscentscompany.com/data/rw1132471.html
abronia fragrance,,,,,all_ingredients,,,,,,"scompany.com/data/fr1111361.html"" />",""">Search","- fragranced products of all types. Has an citrus type odor."" />","- fragranced products of all types. Has an citrus type odor."" />",references,,""">desert sand verbena fragrance","=hp&amp; q=%22abronia%22+%22fragrance%22+OR+%22desert+sand+verbena%22+%22fragrance%22+OR+%22abronia%22+%22odor%22"">Search",https://www.thegoodscentscompany.com/data/fr1111361.html
abronia villosa leaf extract,,,,,all_ingredients,,,,,,""">Search",""">Search","- cosmetic ingredient for skin conditioning"" />","- cosmetic ingredient for skin conditioning"" />",references,,""">extract of the leaves of abronia villosa; nyctaginaceae","=hp&amp; q=%22abronia+villosa%22+%22leaf+extract%22"">Search",https://www.thegoodscentscompany.com/data/ex1691351.html
abrus fructiculosus root extract,,,,,all_ingredients,,,,,,""">Search",""">Search","- cosmetic ingredient for skin conditioning"" />","- cosmetic ingredient for skin conditioning"" />",references,,""">extract of the roots of abrus fructiculosus; fabaceae","=hp&amp; q=%22abrus+fruticulosus%22+%22root+extract%22"">Search",https://www.thegoodscentscompany.com/data/ex1691361.html
"abrus precatorius meristem cell culture extract,",,90320-07-3,,,all_ingredients,,,,,,""">Search",""">Search","- cosmetic ingredient for skin conditioning"" />","- cosmetic ingredient for skin conditioning"" />",references,,""">extract of a culture of the meristem cells of abrus precatorius; fabaceae","=hp&amp; q=%2290320-07-3%22+OR+%22abrus+precatorius%22+%22meristem+cell+culture+extract%22"">Search",https://www.thegoodscentscompany.com/data/ex1691371.html
"abrus precatorius root extract,",,90320-07-3,,,all_ingredients,,,,,,""">Search",""">Search","- cosmetic ingredient for hair conditioning"" />","- cosmetic ingredient for hair conditioning"" />",references,,""">extract of the roots of abrus precatorius l.; fabaceae","=hp&amp; q=%2290320-07-3%22+OR+%22abrus+precatorius%22+%22root+extract%22"">Search",https://www.thegoodscentscompany.com/data/ex1545711.html
"abscisic acid,",,7773-56-0,,,all_ingredients,,,,1,,""">Search",""">Search","- natural substances and extractives"" />","- natural substances and extractives"" />",references,", homo-oligomeric protein from aspen.",""">Soluble in:","=hp&amp; q=%227773-56-0%22+OR+%22abscisic+acid%22"">Search",https://www.thegoodscentscompany.com/data/rw1620861.html
"(+)-2-(Z),4-(E)-abscisic acid,",,21293-29-8,,,all_ingredients,,,,-,,""">Search",""">Search","- natural substances and extractives"" />","- natural substances and extractives"" />",references,", homo-oligomeric protein from aspen.",""">(S-(Z); (E))-5-(1-hydroxy-2; 6-trimethyl-4-oxocyclohex-2-en-1-yl)-3-methyl penta-2; 4-dienoic acid","=hp&amp; q=%2221293-29-8%22+OR+%22abscisic+acid%22"">Search",https://www.thegoodscentscompany.com/data/rw1133021.html
"2-cis,4-trans-abscisic acid,",,14375-45-2,,,all_ingredients,,,,,,""">Search",""">Search","- natural substances and extractives"" />","- natural substances and extractives"" />",references,,""">(+/-)-(2Z; 4E)-abscisic acid","=hp&amp; q=%2214375-45-2%22+OR+%22%282Z%2C4E%29-abscisic+acid%22+OR+%222-cis%2C4-trans-abscisic+acid%22"">Search",https://www.thegoodscentscompany.com/data/rw1132481.html
"abscisic alcohol,",,113472-20-1,,,all_ingredients,,,,,,""">Search",""">Search","- natural substances and extractives"" />","- natural substances and extractives"" />",references,,""">Soluble in:","=hp&amp; q=%22113472-20-1%22+OR+%22abscisic+alcohol%22"">Search",https://www.thegoodscentscompany.com/data/rw1878971.html
"lavandin concrete,",,8022-15-9,,,concretes,,,,,,"and an herbal type flavor."" />","and fragrance agents. Has a herbal type odor and an herbal type flavor."" />","- flavor and fragrance agents. Has a herbal type odor and an herbal type flavor."" />","- flavor and fragrance agents. Has a herbal type odor and an herbal type flavor."" />",references,is no drawback. Sweetened up with coumarin.&rdquo;,""">lavandula hydrida concrete","=hp&amp; q=%228022-15-9%22+OR+%22lavandula+hydrida%22+%22concrete%22"">Search",https://www.thegoodscentscompany.com/data/co1045791.html
lavandin concrete decolorized,,,,,concretes,,,,,,"scompany.com/data/co1065071.html"" />",""">Search","- fragrance agents. Has an floral type odor."" />","- fragrance agents. Has an floral type odor."" />",references,,""">lavandula hydrida concrete decolorized","=hp&amp; q=%22lavandula+hydrida%22+%22concrete%22"">Search",https://www.thegoodscentscompany.com/data/co1065071.html
"lavender concrete,",,8000-28-0,,3,concretes,,,,,,"and an herbal type flavor."" />","and fragrance agents. Has a herbal type odor and an herbal type flavor."" />","- flavor and fragrance agents. Has a herbal type odor and an herbal type flavor."" />","- flavor and fragrance agents. Has a herbal type odor and an herbal type flavor."" />",references,,""">lavandula angustifolia concrete","=hp&amp; q=%228000-28-0%22+OR+%22lavandula+angustifolia%22+%22concrete%22"">Search",https://www.thegoodscentscompany.com/data/co1028781.html
"licorice concrete,",,84775-66-6,,,concretes,,,,,,"scompany.com/data/co1657571.html"" />",""">Search","- fragrance agents. Has an anise type odor."" />","- fragrance agents. Has an anise type odor."" />",references,,""">glycyrrhiza glabra concrete","=hp&amp; q=%2284775-66-6%22+OR+%22glycyrrhiza+glabra%22+%22concrete%22"">Search",https://www.thegoodscentscompany.com/data/co1657571.html
linseed oil concrete,,,,,concretes,,,,,,""">Search",""">Search","- fragrance agents"" />","- fragrance agents"" />",references,,""">linum usitatissimum oil concrete","=hp&amp; q=%22linum+usitatissimum+oil%22+%22concrete%22"">Search",https://www.thegoodscentscompany.com/data/co1657561.html
mango leaf concrete,,,,,concretes,,,,,,""">Search",""">Search","- fragrance agents"" />","- fragrance agents"" />",references,,""">mangifera indica leaf concrete","=hp&amp; q=%22mangifera+indica%22+%22leaf%22+%22concrete%22"">Search",https://www.thegoodscentscompany.com/data/co1657551.html
marigold concrete,Sakkara Essential,,,,concretes,,,,,,"scompany.com/data/co1657471.html"" />",""">Search","- fragrance agents. Has an herbal type odor."" />","- fragrance agents. Has an herbal type odor."" />",references,,""">tagetes minuta concrete","=hp&amp; q=%22tagetes+minuta%22+%22concrete%22"">Search",https://www.thegoodscentscompany.com/data/co1657471.html
marigold concrete (tagetes glandulifera) mexico,,,,,concretes,,,,,,"scompany.com/data/co1657461.html"" />",""">Search","- fragrance agents. Has an herbal type odor."" />","- fragrance agents. Has an herbal type odor."" />",references,,""">tagetes glandulifera concrete mexico","=hp&amp; q=%22tagetes+glandulifera%22+%22concrete%22"">Search",https://www.thegoodscentscompany.com/data/co1657461.html
marigold pot concrete,,,,,concretes,,,,,,"scompany.com/data/co1067261.html"" />",""">Search","- fragrance agents. Has an herbal type odor."" />","- fragrance agents. Has an herbal type odor."" />",references,,""">calendula officinalis concrete","=hp&amp; q=%22calendula+officinalis%22+%22concrete%22"">Search",https://www.thegoodscentscompany.com/data/co1067261.html
mastic concrete,,,,,concretes,,,,,,"scompany.com/data/co1092911.html"" />",""">Search","- fragrance agents. Has an resinous type odor."" />","- fragrance agents. Has an resinous type odor."" />",references,,""">pistacia lentiscus concrete","=hp&amp; q=%22pistacia+lentiscus%22+%22concrete%22"">Search",https://www.thegoodscentscompany.com/data/co1092911.html
"mimosa concrete france,",,8031-03-6,,,concretes,,,,,,"and an floral type flavor."" />","and fragrance agents. Has a floral type odor and an floral type flavor."" />","- flavor and fragrance agents. Has a floral type odor and an floral type flavor."" />","- flavor and fragrance agents. Has a floral type odor and an floral type flavor."" />",references,,""">acacia decurrens var. dealbata concrete france","=hp&amp; q=%228031-03-6%22+OR+%22acacia+dealbata%22+%22concrete%22"">Search",https://www.thegoodscentscompany.com/data/co1047521.html
"mimosa concrete morocco,",,8031-03-6,,,concretes,,,,,,"and an woody type flavor."" />","and fragrance agents. Has a woody type odor and an woody type flavor."" />","- flavor and fragrance agents. Has a woody type odor and an woody type flavor."" />","- flavor and fragrance agents. Has a woody type odor and an woody type flavor."" />",references,,""">acacia decurrens var. dealbata concrete morocco","=hp&amp; q=%228031-03-6%22+OR+%22acacia+dealbata%22+%22concrete%22"">Search",https://www.thegoodscentscompany.com/data/co1101631.html
mosla chinensis concrete,Study on,,,,concretes,,,,,,""">Search",""">Search","- fragrance agents"" />","- fragrance agents"" />",references,,""">shi xiang ru concrete","=hp&amp; q=%22mosla+chinensis%22+%22concrete%22"">Search",https://www.thegoodscentscompany.com/data/co1678851.html
"murraya paniculata concrete,",,91722-91-7,,,concretes,,,,,,""">Search",""">Search","- fragrance agents"" />","- fragrance agents"" />",references,gum polysaccharide from Murraya paniculata fruits.,""">murraya paniculata var. omphalocarpa concrete","=hp&amp; q=%2291722-91-7%22+OR+%22murraya+paniculata%22+%22concrete%22"">Search",https://www.thegoodscentscompany.com/data/co1678841.html
narcissus flower concrete,,68917-12-4,,,concretes,,,,,,""">Search",""">Search","- fragrance agents"" />","- fragrance agents"" />",references,,""">narcissus spp. concrete","=hp&amp; q=%2268917-12-4%22+OR+%22narcissus+poeticus%22+%22concrete%22"">Search",https://www.thegoodscentscompany.com/data/co1092971.html
"acacia decurrens dealbata flower extract,",,93685-96-2,,,cosmetic_ingredients,,,,,,""">Search",""">Search","- fragrance agents"" />","- fragrance agents"" />",references,,""">extract obtained from the flower tips of the mimosa; acacia decurrens; var. dealbata; leguminosae","=hp&amp; q=%2293685-96-2%22+OR+%22acacia+decurrens+dealbata%22+%22flower+extract%22"">Search",https://www.thegoodscentscompany.com/data/ex1546881.html
"acacia decurrens flower cera,",,98903-76-5,,,cosmetic_ingredients,,,,,,""">Search",""">Search","- emollients, skin conditioning, skin protecting"" />","- emollients; skin conditioning; skin protecting"" />",references,,""">wax obtained from the flowers of acacia decurrens; leguminosae","=hp&amp; q=%2298903-76-5%22+OR+%22acacia+decurrens%22+%22flower+cera%22"">Search",https://www.thegoodscentscompany.com/data/rs1665751.html
"acacia decurrens flower extract,",,98903-76-5,,,cosmetic_ingredients,,,,,,""">Search",""">Search","- cosmetic and fragrance agents"" />","- cosmetic and fragrance agents"" />",references,,""">extract of the flowers of the acacia; acacia decurrens; fabaceae","=hp&amp; q=%2298903-76-5%22+OR+%22acacia+decurrens%22+%22flower+extract%22"">Search",https://www.thegoodscentscompany.com/data/ex1385141.html
"acacia decurrens sprout extract,",,98903-76-5,,,cosmetic_ingredients,,,,,,""">Search",""">Search","- astringent, skin conditioning"" />","- astringent; skin conditioning"" />",references,,""">extract of the sprouts of the acacia; acacia decurrens; leguminosae","=hp&amp; q=%2298903-76-5%22+OR+%22acacia+decurrens%22+%22sprout+extract%22"">Search",https://www.thegoodscentscompany.com/data/ex1691451.html
acacia decurrens/jojoba/sunflower seed cera/polyglyceryl-3 esters,,,,,cosmetic_ingredients,,,,,,""">Search",""">Search","- emollients"" />","- emollients"" />",references,,,"=hp&amp; q=%22acacia+decurrens/jojoba/sunflower+seed+cera/polyglyceryl-3+esters%22"">Search",https://www.thegoodscentscompany.com/data/rw1703111.html
"acacia farnesiana extract (whole plant),",,89958-31-6,,,cosmetic_ingredients,,,,,,""">Search",""">Search","- cosmetic ingredient for skin conditioning"" />","- cosmetic ingredient for skin conditioning"" />",references,,""">extract of the whole plant; acacia farnesiana; fabaceae","=hp&amp; q=%2289958-31-6%22+OR+%22acacia+farnesiana%22+%22extract%22"">Search",https://www.thegoodscentscompany.com/data/ex1691461.html
"acacia farnesiana flower cera,",,89958-31-6,,,cosmetic_ingredients,,,,,,""">Search",""">Search","- cosmetic ingredient for skin protecting"" />","- cosmetic ingredient for skin protecting"" />",references,,""">wax obtained from the flowers of the Cassia Flower Tree; Acacia farnesiana L.; Fabaceae","=hp&amp; q=%2289958-31-6%22+OR+%22acacia+farnesiana%22+%22flower+wax%22"">Search",https://www.thegoodscentscompany.com/data/rs1073771.html
"acacia farnesiana flower extract,",,89958-31-6,,,cosmetic_ingredients,,,,,,""">Search",s and cosmetics.,"- fragrance agents"" />","- fragrance agents"" />",references,,""">extract obtained from the flowers of the the cassia flower tree; acacia farnesiana l.; leguminosae","=hp&amp; q=%2289958-31-6%22+OR+%22acacia+farnesiana%22+%22flower+extract%22+OR+%22cassie+flower+extract%22"">Search",https://www.thegoodscentscompany.com/data/ex1546891.html
acacia farnesiana flower oil,,,,,cosmetic_ingredients,,,,,,""">Search","and fragrance agents"" />","- flavor and fragrance agents"" />","- flavor and fragrance agents"" />",references,,""">volatile oil obtained from the flowers of acacia farnesiana; fabaceae",for aroma chemicals and essential oils,https://www.thegoodscentscompany.com/data/es1687851.html
"acacia farnesiana flower/stem extract,",,89958-31-6,,,cosmetic_ingredients,,,,,,""">Search","and fragrance agents"" />","- cosmetic, flavor and fragrance agents"" />","- cosmetic; flavor and fragrance agents"" />",references,,""">extract of the flowers and stems of the cassia flower tree; acacia farnesiana l.; leguminosae","=hp&amp; q=%2289958-31-6%22+OR+%22acacia+farnesiana%22+%22extract%22+OR+%22cassie+extract%22"">Search",https://www.thegoodscentscompany.com/data/ex1103981.html
"acacia farnesiana gum,",,89958-31-6,,,cosmetic_ingredients,,,,,,""">Search",""">Search","- cosmetic agents"" />","- cosmetic agents"" />",references,,""">plant material derived from the dried; gummy exudate of the cassia flower tree; acacia farnesiana l.; leguminosae","=hp&amp; q=%2289958-31-6%22+OR+%22acacia+farnesiana+gum%22"">Search",https://www.thegoodscentscompany.com/data/rs1695601.html
"acacia farnesiana stem bark extract,",,89958-31-6,,,cosmetic_ingredients,,,,,,""">Search",""">Search","- cosmetic ingredient for skin conditioning"" />","- cosmetic ingredient for skin conditioning"" />",references,,""">extract of the bark of the stem bark of the cassia flower tree; acacia farnesiana l.; leguminosae","=hp&amp; q=%2289958-31-6%22+OR+%22acacia+farnesiana%22+%22stem+bark+extract%22"">Search",https://www.thegoodscentscompany.com/data/ex1691471.html
"acacia mearnsii bark extract,",,68911-60-4,,,cosmetic_ingredients,,,,,,""">Search",""">Search","- cosmetic ingredient for skin conditioning"" />","- cosmetic ingredient for skin conditioning"" />",references,,""">extract of the bark of acacia mearnsii; fabaceae","=hp&amp; q=%2268911-60-4%22+OR+%22acacia+mearnsii%22+%22bark+extract%22"">Search",https://www.thegoodscentscompany.com/data/ex1078231.html
acacia saligna leaf extract,,,,,cosmetic_ingredients,,,,,,""">Search",""">Search","- astringent, skin conditioning"" />","- astringent; skin conditioning"" />",references,,""">extract of the leaves of acacia saligna; fabaceae","=hp&amp; q=%22acacia+saligna%22+%22leaf+extract%22"">Search",https://www.thegoodscentscompany.com/data/ex1078321.html
"acacia senegal flower/stem extract,",ACACIA FLOWER,97659-43-3,,,cosmetic_ingredients,,,,,,""">Search",""">Search","- viscosity controlling agents"" />","- viscosity controlling agents"" />",references,,""">extract of the flowers and stems of the acacia; acacia senegal; leguminosae","=hp&amp; q=%2297659-43-3%22+OR+%22acacia+senegal%22+%22flower+extract%22"">Search",https://www.thegoodscentscompany.com/data/ex1092231.html
"abies alba leaf extract,",,90028-76-5,,,botanical_species,,,,,,"scompany.com/data/ex1546831.html"" />",""">Search","- cosmetic and fragrance agents. Has an balsamic type odor."" />","- cosmetic and fragrance agents. Has an balsamic type odor."" />",references,,""">extract obtained from the needles of the fir abies alba; pinaceae",ring self-gelation agent.,https://www.thegoodscentscompany.com/data/ex1546831.html
"abies alba leaf cera,",,90028-76-5,,,botanical_species,,,,,,""">Search",""">Search","- cosmetic and fragrance agents"" />","- cosmetic and fragrance agents"" />",references,,""">wax derived from the needles of the fir; abies alba; pinaceae","=hp&amp; q=%2290028-76-5%22+OR+%22abies+alba%22+%22leaf+wax%22"">Search",https://www.thegoodscentscompany.com/data/rs1600941.html
"abies alba leaf extract,",,90028-76-5,,,botanical_species,,,,,,"scompany.com/data/ex1546831.html"" />",""">Search","- cosmetic and fragrance agents. Has an balsamic type odor."" />","- cosmetic and fragrance agents. Has an balsamic type odor."" />",references,,""">extract obtained from the needles of the fir abies alba; pinaceae",ring self-gelation agent.,https://www.thegoodscentscompany.com/data/ex1546831.html
"abies alba needle oil,",,8021-27-0,,,botanical_species,,,,,,"and an terpenic type flavor."" />","and fragrance agents. Has a balsamic type odor and an terpenic type flavor."" />","- cosmetic, flavor and fragrance agents. Has a balsamic type odor and an terpenic type flavor."" />","- cosmetic; flavor and fragrance agents. Has a balsamic type odor and an terpenic type flavor."" />",references,,""">essential oil obtained from the needles of the fir abies alba; pinaceae",ring self-gelation agent.,https://www.thegoodscentscompany.com/data/es1026931.html
"abies alba leaf cera,",,90028-76-5,,,botanical_species,,,,,,""">Search",""">Search","- cosmetic and fragrance agents"" />","- cosmetic and fragrance agents"" />",references,,""">wax derived from the needles of the fir; abies alba; pinaceae","=hp&amp; q=%2290028-76-5%22+OR+%22abies+alba%22+%22leaf+wax%22"">Search",https://www.thegoodscentscompany.com/data/rs1600941.html
"abies alba leaf extract,",,90028-76-5,,,botanical_species,,,,,,"scompany.com/data/ex1546831.html"" />",""">Search","- cosmetic and fragrance agents. Has an balsamic type odor."" />","- cosmetic and fragrance agents. Has an balsamic type odor."" />",references,,""">extract obtained from the needles of the fir abies alba; pinaceae",ring self-gelation agent.,https://www.thegoodscentscompany.com/data/ex1546831.html
"abies alba needle oil,",,8021-27-0,,,botanical_species,,,,,,"and an terpenic type flavor."" />","and fragrance agents. Has a balsamic type odor and an terpenic type flavor."" />","- cosmetic, flavor and fragrance agents. Has a balsamic type odor and an terpenic type flavor."" />","- cosmetic; flavor and fragrance agents. Has a balsamic type odor and an terpenic type flavor."" />",references,,""">essential oil obtained from the needles of the fir abies alba; pinaceae",ring self-gelation agent.,https://www.thegoodscentscompany.com/data/es1026931.html
"abies alba cone oil,",,8021-27-0,,,botanical_species,,,,,,"scompany.com/data/es1000121.html"" />",""">Search","- cosmetic and fragrance agents. Has an balsamic type odor."" />","- cosmetic and fragrance agents. Has an balsamic type odor."" />",references,,""">essential oil obtained from the cones of the fir abies alba; pinaceae",ring self-gelation agent.,https://www.thegoodscentscompany.com/data/es1000121.html
"abies alba needle oil,",,8021-27-0,,,botanical_species,,,,,,"and an terpenic type flavor."" />","and fragrance agents. Has a balsamic type odor and an terpenic type flavor."" />","- cosmetic, flavor and fragrance agents. Has a balsamic type odor and an terpenic type flavor."" />","- cosmetic; flavor and fragrance agents. Has a balsamic type odor and an terpenic type flavor."" />",references,,""">essential oil obtained from the needles of the fir abies alba; pinaceae",ring self-gelation agent.,https://www.thegoodscentscompany.com/data/es1026931.html
"abies alba seed oil,",,8021-27-0,,,botanical_species,,,,,,""">Search",""">Search","- fragrance agents"" />","- fragrance agents"" />",references,,""">Soluble in:","=hp&amp; q=%228021-27-0%22+OR+%22abies+alba%22+%22seed+oil%22"">Search",https://www.thegoodscentscompany.com/data/es1002421.html
"abies alba seed oil,",,8021-27-0,,,botanical_species,,,,,,""">Search",""">Search","- fragrance agents"" />","- fragrance agents"" />",references,,""">Soluble in:","=hp&amp; q=%228021-27-0%22+OR+%22abies+alba%22+%22seed+oil%22"">Search",https://www.thegoodscentscompany.com/data/es1002421.html
abies amabilis oil canada,,,,,botanical_species,,,,f,,"scompany.com/data/es1096481.html"" />",""">Search","- fragrance agents. Has an fir needle type odor."" />","- fragrance agents. Has an fir needle type odor."" />",references,,""">pacific silver fir oil (abies amabilis) canada","=hp&amp; q=%22abies+amabilis%22"">Search",https://www.thegoodscentscompany.com/data/es1096481.html
"fir balsam absolute (abies balsamea),",,8021-28-1,,,botanical_species,,,,f,,"scompany.com/data/ab1117161.html"" />",and fragrance ingredients.,"- fragrance agents. Has an balsamic type odor."" />","- fragrance agents. Has an balsamic type odor."" />",references,,""">pinus balsamea absolute","=hp&amp; q=%228021-28-1%22+OR+%22fir+balsam+absolute%22"">Search",https://www.thegoodscentscompany.com/data/ab1117161.html
"abies balsamea bark oil,",,8024-15-5,,,botanical_species,,,,,,"scompany.com/data/es1080831.html"" />",""">Search","- fragrance agents. Has an woody type odor."" />","- fragrance agents. Has an woody type odor."" />",references,,""">silver fir bark oil (abies balsamea l. mill.)","=hp&amp; q=%228024-15-5%22+OR+%22abies+balsamea%22+%22bark+oil%22"">Search",https://www.thegoodscentscompany.com/data/es1080831.html
"abies balsamea sprout extract,",,85085-34-3,,,botanical_species,,,,,,""">Search",""">Search","- cosmetic and fragrance agents"" />","- cosmetic and fragrance agents"" />",references,,""">extract of the balsam canada; abies balsamea; pinaceae","=hp&amp; q=%2285085-34-3%22+OR+%22abies+balsamea%22+%22sprout%22"">Search",https://www.thegoodscentscompany.com/data/ex1026991.html
